[
     {
          "timestamp": "2024-09-13T09:29:59.715Z",
          "min_value": 64
     },
     {
          "timestamp": "2024-09-13T09:29:57.715Z",
          "min_value": 88.85
     },
     {
          "timestamp": "2024-09-13T09:29:55.715Z",
          "min_value": 76.3
     },
     {
          "timestamp": "2024-09-13T09:29:53.715Z",
          "min_value": 65.16
     },
     {
          "timestamp": "2024-09-13T09:29:51.715Z",
          "min_value": 81.17
     },
     {
          "timestamp": "2024-09-13T09:29:49.715Z",
          "min_value": 78.77
     },
     {
          "timestamp": "2024-09-13T09:29:47.715Z",
          "min_value": 18.84
     }
]
